"DESCRIPTION","DURATION IN MS","NAME","PARENT SUITE","START TIME","STATUS","STOP TIME","SUB SUITE","SUITE","TEST CLASS","TEST METHOD"
"","112","DELETE To Verify Login","chromium-unauth","2026-08-23","passed","2026-08-23","Delete test","LoginApiTest.spec.ts","",""
"","717","should get error if email empty","chromium-unauth","2026-08-23","passed","2026-08-23","New User Signup!-Negative Tests","RegisterTest.spec.ts","",""
"","747","should get error if name empty","chromium-unauth","2026-08-23","passed","2026-08-23","New User Signup!-Negative Tests","RegisterTest.spec.ts","",""
"","6884","Order Confirmation - Continue Button Redirects Home","chromium-auth","2026-08-23","passed","2026-08-23","Order Confirmation Tests","OrderConfirmation.spec.ts","",""
"","703","should get error if email not correct","chromium-unauth","2026-08-23","passed","2026-08-23","New User Signup!-Negative Tests","RegisterTest.spec.ts","",""
"","1596","should get a HTML validation error if password empty","chromium-unauth","2026-08-23","passed","2026-08-23","Negative Tests","AccountInfoTest.spec.ts","",""
"","5219","Payment Page - Basic Rendering -","chromium-auth","2026-08-23","passed","2026-08-23","Payment Page Rendering Test","PaymentTest.spec.ts","",""
"","2021","should get the subcategory correct Women Dress","chromium-unauth","2026-08-23","passed","2026-08-23","Categories","ProductsUI.spec.ts","",""
"","1669","should get a HTML validation error if first name empty","chromium-unauth","2026-08-23","passed","2026-08-23","Negative Tests","AccountInfoTest.spec.ts","",""
"","6310","Payment - - Invalid CVC format(number)","chromium-auth","2026-08-23","passed","2026-08-23","Payment Page - Validation Findings - Format Handling","PaymentTest.spec.ts","",""
"","1335","Should pass WCAG accessibility standards on checkout","chromium-auth","2026-08-23","passed","2026-08-23","","AccessibilityTest.spec.ts","",""
"","2289","Address Details - Delivery Address Matches Account","chromium-auth","2026-08-23","passed","2026-08-23","UI & Layout Tests","checkoutTest.spec.ts","",""
"","3297","Cart - Add Single Product from Hover or Card","chromium-auth","2026-08-23","passed","2026-08-23","Add to Cart Integration","ProductsUI.spec.ts","",""
"","1421","1. Mocking Product List - Fake Product Displayed","chromium-unauth","2026-08-23","passed","2026-08-23","API & Route Intercepting Tests","ApiMockingTest.spec.ts","",""
"","4676","Cart Items - Clear Entire Cart","chromium-auth","2026-08-23","passed","2026-08-23","Cart Item Operations & Persistence","CartTest.spec.ts","",""
"","2933","Guest Checkout - Show Register/Login Modal for Unauthenticated User","chromium-unauth","2026-08-23","passed","2026-08-23","Checkout Integration","CartTest.spec.ts","",""
"","6432","Review Order - Item Total Calculation","chromium-auth","2026-08-23","passed","2026-08-23","Review Order - Data Integrity","checkoutTest.spec.ts","",""
"","1977","should get the subcategory correct Men Jeans","chromium-unauth","2026-08-23","passed","2026-08-23","Categories","ProductsUI.spec.ts","",""
"","1424","Should pass WCAG accessibility standards on CartAuth","chromium-auth","2026-08-23","passed","2026-08-23","","AccessibilityTest.spec.ts","",""
"","379","POST To Verify Login with valid details","chromium-unauth","2026-08-23","passed","2026-08-23","login test","LoginApiTest.spec.ts","",""
"","5567","Payment - HTML Validation - Empty cvc field","chromium-auth","2026-08-23","passed","2026-08-23","Payment Page - Validation Findings","PaymentTest.spec.ts","",""
"","5856","Checkout - Guest Can Complete Order via Direct URL","chromium-unauth","2026-08-23","passed","2026-08-23","EDGE CASES","checkoutTest.spec.ts","",""
"","172","Get All Products List","chromium-unauth","2026-08-23","passed","2026-08-23","products","ProductsApi.spec.ts","",""
"","2079","Address Details - Both Addresses Are Identical (Default Case)","chromium-auth","2026-08-23","passed","2026-08-23","UI & Layout Tests","checkoutTest.spec.ts","",""
"","1233","Empty Cart - Navigation to Products","chromium-auth","2026-08-23","passed","2026-08-23","Empty Cart","CartEmptyTest.spec.ts","",""
"","366","API - should reject duplicate user registration","chromium-unauth","2026-08-23","passed","2026-08-23","","UserApiNegative.spec.ts","",""
"","5812","Review Order - Overall Total Matches Cart Total","chromium-auth","2026-08-23","passed","2026-08-23","Review Order - Data Integrity","checkoutTest.spec.ts","",""
"","1513","Brands - Filter Products by Brand","chromium-unauth","2026-08-23","passed","2026-08-23","Brands Filter Tests","ProductsUI.spec.ts","",""
"","6866","Payment - - Invalid Year format(string)","chromium-auth","2026-08-23","passed","2026-08-23","Payment Page - Validation Findings - Format Handling","PaymentTest.spec.ts","",""
"","3630","Cart Item - Remove Single Product","chromium-auth","2026-08-23","passed","2026-08-23","Cart Item Operations & Persistence","CartTest.spec.ts","",""
"","5279","Order Comment - Submit Without Comment (Optional Field)","chromium-auth","2026-08-23","passed","2026-08-23","Order Comment Tests","checkoutTest.spec.ts","",""
"","86","3. Mocking Server Error - Custom HTML Error Page","chromium-unauth","2026-08-23","passed","2026-08-23","API & Route Intercepting Tests","ApiMockingTest.spec.ts","",""
"","6545","Payment - - Invalid EXP format(string)","chromium-auth","2026-08-23","passed","2026-08-23","Payment Page - Validation Findings - Format Handling","PaymentTest.spec.ts","",""
"","119","POST To All Products List","chromium-unauth","2026-08-23","passed","2026-08-23","products","ProductsApi.spec.ts","",""
"","3944","Cart Page - Basic Rendering & Breadcrumbs","chromium-auth","2026-08-23","passed","2026-08-23","Cart Tests > UI & Layout Tests","CartTest.spec.ts","",""
"","5434","Payment - HTML Validation - Empty year field","chromium-auth","2026-08-23","passed","2026-08-23","Payment Page - Validation Findings","PaymentTest.spec.ts","",""
"","2666","Checkout Page - Basic Rendering","chromium-auth","2026-08-23","passed","2026-08-23","UI & Layout Tests","checkoutTest.spec.ts","",""
"","2183","should get the subcategory correct Kids Dress","chromium-unauth","2026-08-23","passed","2026-08-23","Categories","ProductsUI.spec.ts","",""
"","1341","Product Details - View First Product","chromium-unauth","2026-08-23","passed","2026-08-23","Detail Page Navigation","ProductsUI.spec.ts","",""
"","6588","Payment - - Short card number","chromium-auth","2026-08-23","passed","2026-08-23","Payment Page - Validation Findings - Format Handling","PaymentTest.spec.ts","",""
"","694","Empty Cart - Navigation to Home","chromium-auth","2026-08-23","passed","2026-08-23","Empty Cart","CartEmptyTest.spec.ts","",""
"","2264","should allow account creation regardless of password length 1","chromium-unauth","2026-08-23","passed","2026-08-23","Positive Tests","AccountInfoTest.spec.ts","",""
"","3315","Cart - Add Multiple Quantities from Product Details","chromium-auth","2026-08-23","passed","2026-08-23","Add to Cart Integration","ProductsUI.spec.ts","",""
"","3594","Cart Item - Total Price Calculation for one item","chromium-auth","2026-08-23","passed","2026-08-23","Cart Tests > Data Integrity & Calculations","CartTest.spec.ts","",""
"","5572","Payment - HTML Validation - Empty fields","chromium-auth","2026-08-23","passed","2026-08-23","Payment Page - Validation Findings","PaymentTest.spec.ts","",""
"","87","4. Mocking API Error Response (JSON)","chromium-unauth","2026-08-23","passed","2026-08-23","API & Route Intercepting Tests","ApiMockingTest.spec.ts","",""
"","4913","Review Order - Cart Items Match","chromium-auth","2026-08-23","passed","2026-08-23","Review Order - Data Integrity","checkoutTest.spec.ts","",""
"","1251","API - Login positive and negative scenarios","chromium-unauth","2026-08-23","passed","2026-08-23","","LoginApiAdvanced.spec.ts","",""
"","6584","Order Confirmation - Success Message Displayed","chromium-auth","2026-08-23","passed","2026-08-23","Order Confirmation Tests","OrderConfirmation.spec.ts","",""
"","2470","should allow account creation regardless of password length 10","chromium-unauth","2026-08-23","passed","2026-08-23","Positive Tests","AccountInfoTest.spec.ts","",""
"","148","POST To Search Product","chromium-unauth","2026-08-23","passed","2026-08-23","products","ProductsApi.spec.ts","",""
"","7261","Cart Item - Total Price Calculation for more then item","chromium-auth","2026-08-23","passed","2026-08-23","Cart Tests > Data Integrity & Calculations","CartTest.spec.ts","",""
"","5872","Order Comment - Submit With Comment","chromium-auth","2026-08-23","passed","2026-08-23","Order Comment Tests","checkoutTest.spec.ts","",""
"","4579","Order Comment - Add Comment Text","chromium-auth","2026-08-23","passed","2026-08-23","Order Comment Tests","checkoutTest.spec.ts","",""
"","7353","Cart Item - Details Matching","chromium-auth","2026-08-23","passed","2026-08-23","Cart Tests > Data Integrity & Calculations","CartTest.spec.ts","",""
"","1884","should get the subcategory correct Kids Tops & Shirts","chromium-unauth","2026-08-23","passed","2026-08-23","Categories","ProductsUI.spec.ts","",""
"","85","Should handle network failure and show offline state","chromium-unauth","2026-08-23","passed","2026-08-23","API & Route Intercepting Tests","ApiMockingTest.spec.ts","",""
"","114","POST To Search Product without search_product parameter","chromium-unauth","2026-08-23","passed","2026-08-23","products","ProductsApi.spec.ts","",""
"","6592","Cart Item - Cart Overall Total Calculation","chromium-auth","2026-08-23","passed","2026-08-23","Cart Tests > Data Integrity & Calculations","CartTest.spec.ts","",""
"","6472","Payment - - Invalid name Format(number)","chromium-auth","2026-08-23","passed","2026-08-23","Payment Page - Validation Findings - Format Handling","PaymentTest.spec.ts","",""
"","1373","should get a HTML validation error if last name empty","chromium-unauth","2026-08-23","passed","2026-08-23","Negative Tests","AccountInfoTest.spec.ts","",""
"","654","PUT METHOD To Update User Account","chromium-unauth","2026-08-23","passed","2026-08-23","Delete","UserApiTest.spec.ts","",""
"","1362","Should match visual snapshot of Products Page","chromium-unauth","2026-08-23","failed","2026-08-23","","VisualTest.spec.ts","",""
"","911","Brands - Verify Brand Counts are Valid Numbers","chromium-unauth","2026-08-23","passed","2026-08-23","Brands Filter Tests","ProductsUI.spec.ts","",""
"","3822","Cart Persistence Across Refresh / Navigation","chromium-auth","2026-08-23","passed","2026-08-23","Cart Item Operations & Persistence","CartTest.spec.ts","",""
"","1364","should get category correct Women","chromium-unauth","2026-08-23","passed","2026-08-23","Categories","ProductsUI.spec.ts","",""
"","115","POST To Create/Register User Account","chromium-unauth","2026-08-23","passed","2026-08-23","register","UserApiTest.spec.ts","",""
"","1111","Product Details - Verify Essential Fields","chromium-unauth","2026-08-23","passed","2026-08-23","Detail Page Navigation","ProductsUI.spec.ts","",""
"","359","POST To Verify Login without email parameter","chromium-unauth","2026-08-23","passed","2026-08-23","login test","LoginApiTest.spec.ts","",""
"","1280","Empty Cart - Initial State","chromium-auth","2026-08-23","passed","2026-08-23","Empty Cart","CartEmptyTest.spec.ts","",""
"","1297","should get the signup page if email and password correct","chromium-unauth","2026-08-23","passed","2026-08-23","New User Signup!-Positive Tests","RegisterTest.spec.ts","",""
"","3348","Authenticate and Seed Database","setup","2026-08-23","passed","2026-08-23","","global.setup.ts","",""
"","6651","Payment - - Invalid Year format(number)","chromium-auth","2026-08-23","passed","2026-08-23","Payment Page - Validation Findings - Format Handling","PaymentTest.spec.ts","",""
"","2003","should get the subcategory correct Women Saree","chromium-unauth","2026-08-23","passed","2026-08-23","Categories","ProductsUI.spec.ts","",""
"","114","PUT To All Brands List","chromium-unauth","2026-08-23","passed","2026-08-23","products","ProductsApi.spec.ts","",""
"","366","POST To Verify Login with invalid details","chromium-unauth","2026-08-23","passed","2026-08-23","login test","LoginApiTest.spec.ts","",""
"","5035","Cart - Add Multiple Products","chromium-auth","2026-08-23","passed","2026-08-23","Add to Cart Integration","ProductsUI.spec.ts","",""
"","1000","Products Page - Basic Rendering","chromium-unauth","2026-08-23","passed","2026-08-23","Products Test Cases","ProductsUI.spec.ts","",""
"","5467","Payment - HTML Validation - Empty name field","chromium-auth","2026-08-23","passed","2026-08-23","Payment Page - Validation Findings","PaymentTest.spec.ts","",""
"","3745","Checkout - Direct URL Access Without Login with button","chromium-unauth","2026-08-23","passed","2026-08-23","EDGE CASES","checkoutTest.spec.ts","",""
"","467","2. Mocking Product List - Empty Product Displayed","chromium-unauth","2026-08-23","passed","2026-08-23","API & Route Intercepting Tests","ApiMockingTest.spec.ts","",""
"","6615","Payment - - Invalid EXP format(number)","chromium-auth","2026-08-23","passed","2026-08-23","Payment Page - Validation Findings - Format Handling","PaymentTest.spec.ts","",""
"","1521","Search - Invalid / Non-Existing Product","chromium-unauth","2026-08-23","passed","2026-08-23","Search Functionality Tests","ProductsUI.spec.ts","",""
"","6604","Payment - - Invalid CVC format(string)","chromium-auth","2026-08-23","passed","2026-08-23","Payment Page - Validation Findings - Format Handling","PaymentTest.spec.ts","",""
"","4964","Checkout - Empty Cart Does NOT Block Order (Site Allows Zero-Item Checkout)","chromium-auth","2026-08-23","passed","2026-08-23","EDGE CASES","checkoutTest.spec.ts","",""
"","6612","Payment - - long card number","chromium-auth","2026-08-23","passed","2026-08-23","Payment Page - Validation Findings - Format Handling","PaymentTest.spec.ts","",""
"","2388","should allow account creation regardless of password length 3","chromium-unauth","2026-08-23","passed","2026-08-23","Positive Tests","AccountInfoTest.spec.ts","",""
"","2992","Cart - Continue Shopping working","chromium-auth","2026-08-23","passed","2026-08-23","Add to Cart Integration","ProductsUI.spec.ts","",""
"","1214","should get error if email exist","chromium-unauth","2026-08-23","passed","2026-08-23","New User Signup!-Negative Tests","RegisterTest.spec.ts","",""
"","4553","Review Order - Product Count Matches","chromium-auth","2026-08-23","passed","2026-08-23","Review Order - Data Integrity","checkoutTest.spec.ts","",""
"","2274","should get the subcategory correct Women Tops","chromium-unauth","2026-08-23","passed","2026-08-23","Categories","ProductsUI.spec.ts","",""
"","6581","Payment - - All information correct","chromium-auth","2026-08-23","passed","2026-08-23","Payment Page - Validation Findings - Format Handling","PaymentTest.spec.ts","",""
"","1636","should get category correct Men","chromium-unauth","2026-08-23","passed","2026-08-23","Categories","ProductsUI.spec.ts","",""
"","1428","Search - Empty Query","chromium-unauth","2026-08-23","passed","2026-08-23","Search Functionality Tests","ProductsUI.spec.ts","",""
"","1329","API chaining - Register user then get user details","chromium-unauth","2026-08-23","passed","2026-08-23","","UserApiChaining.spec.ts","",""
"","1161","Search - Valid Product Name","chromium-unauth","2026-08-23","passed","2026-08-23","Search Functionality Tests","ProductsUI.spec.ts","",""
"","5400","Payment - HTML Validation - Empty exp field","chromium-auth","2026-08-23","passed","2026-08-23","Payment Page - Validation Findings","PaymentTest.spec.ts","",""
"","3300","Cart - View cart working","chromium-auth","2026-08-23","passed","2026-08-23","Add to Cart Integration","ProductsUI.spec.ts","",""
"","935","Brands - Verify Brand Name are Valid String","chromium-unauth","2026-08-23","passed","2026-08-23","Brands Filter Tests","ProductsUI.spec.ts","",""
"","124","Get All Brands List","chromium-unauth","2026-08-23","passed","2026-08-23","products","ProductsApi.spec.ts","",""
"","3423","Proceed to Checkout - Authenticated User","chromium-auth","2026-08-23","passed","2026-08-23","Checkout Integration","CartTest.spec.ts","",""
"","363","GET user account detail by email","chromium-unauth","2026-08-23","passed","2026-08-23","Delete","UserApiTest.spec.ts","",""
"","332","DELETE METHOD To Delete User Account","chromium-unauth","2026-08-23","passed","2026-08-23","Delete","UserApiTest.spec.ts","",""
"","1107","should get category correct Kids","chromium-unauth","2026-08-23","passed","2026-08-23","Categories","ProductsUI.spec.ts","",""
"","2764","should get the subcategory correct Men Tshirts","chromium-unauth","2026-08-23","passed","2026-08-23","Categories","ProductsUI.spec.ts","",""
"","6765","Order Confirmation - Download Invoice Button Visible","chromium-auth","2026-08-23","passed","2026-08-23","Order Confirmation Tests","OrderConfirmation.spec.ts","",""
"","7041","Order Confirmation - Cart Is Empty After Successful Order","chromium-auth","2026-08-23","passed","2026-08-23","Order Confirmation Tests","OrderConfirmation.spec.ts","",""
"","5442","Payment - HTML Validation - Empty card number field","chromium-auth","2026-08-23","passed","2026-08-23","Payment Page - Validation Findings","PaymentTest.spec.ts","",""
"","5201","Cart Table Structure Verification","chromium-auth","2026-08-23","passed","2026-08-23","Cart Tests > UI & Layout Tests","CartTest.spec.ts","",""
"","6499","Payment - - Invalid Card Number Format(string)","chromium-auth","2026-08-23","passed","2026-08-23","Payment Page - Validation Findings - Format Handling","PaymentTest.spec.ts","",""
